class_id,meta_title,meta_description,intro_md,about_heading,about_md,subclass_heading,subclass_md,prescription_heading,prescription_md,safety_bullets_md,reviewer_name,reviewer_credentials,reviewer_profile_url,medically_reviewed_on,content_last_updated,canonical_override,noindex,content_status
_directory,Medicines by Class - Browse All Drug Classes | PharmEasy,"Browse medicines by their therapeutic or drug class. Select a class to explore related medicines, their uses and important information.","Browse medicines by their therapeutic or drug class. Select a class to explore related medicines, their uses and important information.",What Are Medicine Classes?,"A medicine class is a group of medicines that are considered together for a practical reason – they may be used for a similar therapeutic purpose, they may be prescribed for a similar clinical situation, or they may act on the body in a similar way. Grouping medicines this way makes a large catalogue easier to navigate: instead of remembering one brand name, you can start from the area of health you are looking at.

Classes are a browsing aid on this page. They are not a recommendation, and a class page does not tell you which medicine is suitable for you.",Why Medicines in the Same Class Can Be Different,"Two medicines can sit in the same class and still not be alternatives to each other. They may differ in composition, strength, dosage form, suitability and prescription requirement.",How to Browse Medicines by Class,"1. **Find the class** – Search by name, or jump to a letter in the A–Z filter.
2. **Open the class page** – See the medicines listed under it, with pack size, composition and price.
3. **Check the details** – Read the information provided and confirm with your doctor before ordering.","**Do not self-medicate.** Use medicines only as advised by a qualified doctor.
**Check the strength and dosage form** on your prescription before ordering.
**Tell your doctor about allergies** and about every other medicine or supplement you take.
**Do not stop a prescribed medicine** without medical advice, even if you feel better.",,Reviewed by medical experts,,2026-07-24,2026-07-24,,FALSE,draft
anti-allergic-medicines,Anti-allergic Medicines - Buy Online at Best Price | PharmEasy,"Browse 41 anti-allergic medicines on PharmEasy. Medicines used for allergy-related symptoms. Compare packs, compositions and prices. 100% genuine medicines.","Medicines used in the management of allergy symptoms such as sneezing, itching, rash and watery eyes.",About Anti-allergic Medicines,"Anti-allergic medicines are used in the management of allergic symptoms. Older antihistamines are more likely to cause drowsiness; newer ones are usually less sedating, which is why the choice depends on when and how you need to take them.

If you know what triggers your symptoms, avoiding the trigger does more than any medicine. Antihistamines manage symptoms; they do not change the underlying allergy.",,,Prescription and dosage,"Medicines in this class are prescription-only unless the pack states otherwise. Always order the exact strength and dosage form written on your prescription, and continue any monitoring your doctor has advised.","Some antihistamines cause drowsiness – check before driving or operating machinery.
**Do not self-medicate.** Use medicines only as advised by a qualified doctor.
**Check the strength and dosage form** on your prescription before ordering.
**Tell your doctor about allergies** and about every other medicine or supplement you take.
**Do not stop a prescribed medicine** without medical advice, even if you feel better.",,,,2026-07-24,2026-07-24,,FALSE,draft
anti-diabetic-medicines,Anti-diabetic Medicines - Buy Online at Best Price | PharmEasy,"Browse 128 anti-diabetic medicines on PharmEasy. Medicines used in the management of diabetes. Compare packs, compositions and prices. 100% genuine medicines.","Medicines used in the management of diabetes. This class covers several groups that work in different ways – a doctor decides which one, and which strength, is appropriate for a person.",About Anti-diabetic Medicines,"Anti-diabetic medicines are used in the management of diabetes as part of a treatment plan decided by a doctor. Different groups within the class act in different ways – some support the body's own insulin response, some change how glucose is handled by the kidneys, and insulins replace or supplement insulin directly.

Most anti-diabetic products sold in India are fixed-dose combinations, so two packs with similar names can contain different molecules at different strengths. Always match the pack to the prescription rather than to the brand name you remember.",Sub-classes you will find here,"Within this class you will find Combinations, Biguanides, Alpha-glucosidase inhibitors, Sulfonylureas, Thiazolidinediones, DPP-4 inhibitors, Diabetic Neuropathy, Meglitinides, SGLT2 inhibitors, GLP-1 receptor agonists and Insulins. Two medicines from different sub-classes are not alternatives to each other.",Prescription and dosage,"Medicines in this class are prescription-only unless the pack states otherwise. Always order the exact strength and dosage form written on your prescription, and continue any monitoring your doctor has advised.","Keep meals, activity and blood sugar monitoring consistent with your doctor's advice, and tell them about any kidney or liver condition.
**Do not self-medicate.** Use medicines only as advised by a qualified doctor.
**Check the strength and dosage form** on your prescription before ordering.
**Tell your doctor about allergies** and about every other medicine or supplement you take.
**Do not stop a prescribed medicine** without medical advice, even if you feel better.",,,,2026-07-24,2026-07-24,,FALSE,draft
antibiotics,Antibiotics - Buy Online at Best Price | PharmEasy,"Browse 73 antibiotics on PharmEasy. Medicines used for certain bacterial infections. Compare packs, compositions and prices. 100% genuine medicines.",Medicines used in the management of bacterial infections. Antibiotics have no effect on viral illnesses such as colds and most sore throats.,About Antibiotics,"Antibiotics are used for infections caused by bacteria. Different groups target different organisms, which is why the choice, dose and duration depend on the site and type of infection rather than on how unwell a person feels.

Completing the prescribed course matters even after symptoms settle. Stopping early, or keeping leftover antibiotics for a future illness, contributes to antibiotic resistance.",Sub-classes you will find here,"Within this class you will find Penicillins, Antiseptic, Combinations, Cephalosporins, Fluoroquinolones, Topical Antibiotic, Macrolides, Otic Antimicrobial, Topical Anti-Microbial and Carbapenems. Two medicines from different sub-classes are not alternatives to each other.",Prescription and dosage,"Medicines in this class are prescription-only unless the pack states otherwise. Always order the exact strength and dosage form written on your prescription, and continue any monitoring your doctor has advised.","Never use antibiotics left over from a previous illness, and never share them. Tell your doctor about any previous reaction to an antibiotic.
**Do not self-medicate.** Use medicines only as advised by a qualified doctor.
**Check the strength and dosage form** on your prescription before ordering.
**Tell your doctor about allergies** and about every other medicine or supplement you take.
**Do not stop a prescribed medicine** without medical advice, even if you feel better.",,,,2026-07-24,2026-07-24,,FALSE,draft
antifungal-medicines,Antifungal Medicines - Buy Online at Best Price | PharmEasy,"Browse 15 antifungal medicines on PharmEasy. Medicines used for fungal infections. Compare packs, compositions and prices. 100% genuine medicines.","Medicines used in the management of fungal infections of the skin, nails and elsewhere, applied topically or taken by mouth.",About Antifungal Medicines,"Antifungal medicines are used for infections caused by fungi. Courses are typically longer than for bacterial infections, particularly for nail and scalp infections.

Fungal infections commonly return when treatment stops as soon as the skin looks normal. The course is usually set to run past the point where the appearance improves.",Sub-classes you will find here,Within this class you will find Topical Anti-Fungal and Steroid and Topical Anti-Fungal. Two medicines from different sub-classes are not alternatives to each other.,Prescription and dosage,"Medicines in this class are prescription-only unless the pack states otherwise. Always order the exact strength and dosage form written on your prescription, and continue any monitoring your doctor has advised.","Complete the full course even after the appearance improves, or the infection commonly returns.
**Do not self-medicate.** Use medicines only as advised by a qualified doctor.
**Check the strength and dosage form** on your prescription before ordering.
**Tell your doctor about allergies** and about every other medicine or supplement you take.
**Do not stop a prescribed medicine** without medical advice, even if you feel better.",,,,2026-07-24,2026-07-24,,FALSE,draft
antiviral-medicines,Antiviral Medicines - Buy Online at Best Price | PharmEasy,"Browse 8 antiviral medicines on PharmEasy. Medicines used for certain viral infections. Compare packs, compositions and prices. 100% genuine medicines.","Medicines used in the management of specific viral infections, including hepatitis B and HIV.",About Antiviral Medicines,"Antiviral medicines act on specific viruses. They are targeted to the infection being managed and, for long-term conditions, depend heavily on doses being taken consistently.

For long-term antiviral treatment, consistency is the main thing that determines whether it works. Missed doses can allow resistance to develop.",Sub-classes you will find here,Within this class you will find Hepatitis B and Anti-Retroviral. Two medicines from different sub-classes are not alternatives to each other.,Prescription and dosage,"Medicines in this class are prescription-only unless the pack states otherwise. Always order the exact strength and dosage form written on your prescription, and continue any monitoring your doctor has advised.","Take doses consistently – missed doses can allow resistance to develop. Do not stop without medical advice.
**Do not self-medicate.** Use medicines only as advised by a qualified doctor.
**Check the strength and dosage form** on your prescription before ordering.
**Tell your doctor about allergies** and about every other medicine or supplement you take.
**Do not stop a prescribed medicine** without medical advice, even if you feel better.",,,,2026-07-24,2026-07-24,,FALSE,draft
blood-pressure-medicines,Blood Pressure Medicines - Buy Online at Best Price | PharmEasy,"Browse 123 blood pressure medicines on PharmEasy. Medicines used to manage high or low blood pressure. Compare packs, compositions and prices. 100% genuine me","Medicines used in the management of blood pressure. Several groups act on different parts of the circulation, and many packs combine two of them.",About Blood Pressure Medicines,"Blood pressure medicines are used in the management of hypertension and related conditions. Groups within the class act differently – some relax blood vessels, some reduce the heart's workload, and some help the body remove excess fluid and salt.

Blood pressure medicines are usually taken long term, and readings can look normal precisely because the medicine is working. A normal reading is not a reason to stop.",Sub-classes you will find here,"Within this class you will find Calcium channel blockers, Angiotensin receptor blockers, Beta blockers, Combinations, Alpha blockers, Diuretic combinations, ACE inhibitors, Anti-Hypertensive and Anti-Hypotensive. Two medicines from different sub-classes are not alternatives to each other.",Prescription and dosage,"Medicines in this class are prescription-only unless the pack states otherwise. Always order the exact strength and dosage form written on your prescription, and continue any monitoring your doctor has advised.","Do not stop or change the dose on your own, and tell your doctor if you feel dizzy on standing.
**Do not self-medicate.** Use medicines only as advised by a qualified doctor.
**Check the strength and dosage form** on your prescription before ordering.
**Tell your doctor about allergies** and about every other medicine or supplement you take.
**Do not stop a prescribed medicine** without medical advice, even if you feel better.",,,,2026-07-24,2026-07-24,,FALSE,draft
blood-thinners,Blood Thinners - Buy Online at Best Price | PharmEasy,"Browse 23 blood thinners on PharmEasy. Medicines that affect how blood clots. Compare packs, compositions and prices. 100% genuine medicines.","Medicines used in the management of clotting risk. These require care with dosing, monitoring and any other medicine taken alongside.",About Blood Thinners,"Blood thinners reduce the tendency of blood to clot. Some need regular blood tests to keep the effect in a safe range; others do not, but all of them raise the importance of consistency and of telling every clinician you see.

Everyone involved in your care – including dentists and surgeons – needs to know you take a blood thinner, ideally before any procedure is scheduled.",Sub-classes you will find here,"Within this class you will find Anti-Platelet, Haemostatics and Anti-Coagulant. Two medicines from different sub-classes are not alternatives to each other.",Prescription and dosage,"Medicines in this class are prescription-only unless the pack states otherwise. Always order the exact strength and dosage form written on your prescription, and continue any monitoring your doctor has advised.","Tell every doctor, dentist and pharmacist that you take a blood thinner. Report unusual bruising or bleeding promptly.
**Do not self-medicate.** Use medicines only as advised by a qualified doctor.
**Check the strength and dosage form** on your prescription before ordering.
**Tell your doctor about allergies** and about every other medicine or supplement you take.
**Do not stop a prescribed medicine** without medical advice, even if you feel better.",,,,2026-07-24,2026-07-24,,FALSE,draft
bone-and-joint-medicines,Bone and Joint Medicines - Buy Online at Best Price | PharmEasy,"Browse 29 bone and joint medicines on PharmEasy. Medicines used for bone, joint and arthritis concerns. Compare packs, compositions and prices. 100% genuine m","Medicines used in the management of bone and joint conditions, including osteoarthritis, osteoporosis and rheumatoid arthritis.",About Bone and Joint Medicines,"This class covers medicines used in the management of joint pain and stiffness, and those used to support bone strength. They range from symptomatic relief to medicines that act on the disease process itself.

Medicines for osteoporosis often come with specific instructions about how and when to take them – upright, with water, away from food. These instructions are part of how the medicine works, not general advice.",Sub-classes you will find here,"Within this class you will find Rheumatoid Arthritis, Osteoarthritis and Osteoporosis. Two medicines from different sub-classes are not alternatives to each other.",Prescription and dosage,"Medicines in this class are prescription-only unless the pack states otherwise. Always order the exact strength and dosage form written on your prescription, and continue any monitoring your doctor has advised.","Follow the specific dosing instructions for bone medicines exactly, and keep any monitoring your doctor has scheduled.
**Do not self-medicate.** Use medicines only as advised by a qualified doctor.
**Check the strength and dosage form** on your prescription before ordering.
**Tell your doctor about allergies** and about every other medicine or supplement you take.
**Do not stop a prescribed medicine** without medical advice, even if you feel better.",,,,2026-07-24,2026-07-24,,FALSE,draft
cancer-medicines,Cancer Medicines - Buy Online at Best Price | PharmEasy,"Browse 219 cancer medicines on PharmEasy. Medicines used in cancer treatment under specialist supervision. Compare packs, compositions and prices. 100% genuin","Medicines used in the treatment of cancer, prescribed and monitored by an oncologist. This class includes several very different groups, and nothing here is suitable for self-selection.",About Cancer Medicines,"Cancer medicines are used as part of a treatment plan designed and supervised by an oncologist. The class spans targeted therapies, monoclonal antibodies, cytotoxic agents and hormonal therapies, which differ completely in how they are given, monitored and dosed.

Dosing in this class is frequently calculated from body weight, body surface area or laboratory results, and can change between cycles. The pack strength alone does not tell you the dose.",Sub-classes you will find here,"Within this class you will find Hormonal therapies, Neutropenia, Anti-Neoplastic, Targeted kinase inhibitors, Mitotic inhibitors, Alkylating and platinum agents and Monoclonal antibodies. Two medicines from different sub-classes are not alternatives to each other.",Prescription and dosage,"Medicines in this class are prescription-only unless the pack states otherwise. Always order the exact strength and dosage form written on your prescription, and continue any monitoring your doctor has advised.","These medicines require specialist supervision and regular monitoring. Never alter a cycle, dose or schedule without your oncologist.
**Do not self-medicate.** Use medicines only as advised by a qualified doctor.
**Check the strength and dosage form** on your prescription before ordering.
**Tell your doctor about allergies** and about every other medicine or supplement you take.
**Do not stop a prescribed medicine** without medical advice, even if you feel better.",,,,2026-07-24,2026-07-24,,FALSE,draft
cardiac-medicines,Cardiac Medicines - Buy Online at Best Price | PharmEasy,"Browse 35 cardiac medicines on PharmEasy. Medicines used in the management of heart health. Compare packs, compositions and prices. 100% genuine medicines.","Medicines used in the management of heart conditions, including angina and heart failure.",About Cardiac Medicines,"Cardiac medicines are used in the management of conditions affecting the heart. Groups differ in how they act – some reduce the heart's workload, some improve blood flow, and some help the body manage fluid.

Several medicines in this class are prescribed in a specific combination, and the benefit comes from the combination rather than any one of them. Dropping one because you feel well can undo the rest.",Sub-classes you will find here,"Within this class you will find Anti-Anginal, Varicose Veins, Congestive Heart Failure and Vasodilating Agent. Two medicines from different sub-classes are not alternatives to each other.",Prescription and dosage,"Medicines in this class are prescription-only unless the pack states otherwise. Always order the exact strength and dosage form written on your prescription, and continue any monitoring your doctor has advised.","Never stop a heart medicine on your own. Report new breathlessness, swelling or chest pain to your doctor promptly.
**Do not self-medicate.** Use medicines only as advised by a qualified doctor.
**Check the strength and dosage form** on your prescription before ordering.
**Tell your doctor about allergies** and about every other medicine or supplement you take.
**Do not stop a prescribed medicine** without medical advice, even if you feel better.",,,,2026-07-24,2026-07-24,,FALSE,draft
cholesterol-medicines,Cholesterol Medicines - Buy Online at Best Price | PharmEasy,"Browse 68 cholesterol medicines on PharmEasy. Medicines used in the management of lipid levels. Compare packs, compositions and prices. 100% genuine medicines","Medicines used in the management of cholesterol and other blood lipids, usually alongside changes to diet and activity.",About Cholesterol Medicines,"Cholesterol medicines are used in the management of raised lipid levels. Statins are the most widely prescribed group; others act on triglycerides or on how much cholesterol is absorbed from food.

Lipid medicines are generally taken long term and work quietly – there is usually nothing to feel. Blood tests, not symptoms, tell you and your doctor whether the treatment is doing its job.",Sub-classes you will find here,"Within this class you will find Statins, Fibrates, Combinations and Hypolipidemic Drugs. Two medicines from different sub-classes are not alternatives to each other.",Prescription and dosage,"Medicines in this class are prescription-only unless the pack states otherwise. Always order the exact strength and dosage form written on your prescription, and continue any monitoring your doctor has advised.","Report unexplained or persistent muscle pain or weakness to your doctor. Keep the blood tests your doctor has scheduled.
**Do not self-medicate.** Use medicines only as advised by a qualified doctor.
**Check the strength and dosage form** on your prescription before ordering.
**Tell your doctor about allergies** and about every other medicine or supplement you take.
**Do not stop a prescribed medicine** without medical advice, even if you feel better.",,,,2026-07-24,2026-07-24,,FALSE,draft
cough-and-cold-medicines,Cough and Cold Medicines - Buy Online at Best Price | PharmEasy,"Browse 39 cough and cold medicines on PharmEasy. Medicines used for cough, cold and blocked nose. Compare packs, compositions and prices. 100% genuine medicin","Medicines used in the management of cough, cold and blocked-nose symptoms. Most are combination preparations containing several active ingredients.",About Cough and Cold Medicines,"Cough and cold preparations are used in the management of symptoms – blocked nose, cough, sore throat and fever. Most are combinations, which is why two products bought separately can easily overlap.

Because most of these are combinations, taking two different cold products together often means taking the same ingredient twice. Read the ingredient list, not just the brand name.",,,Prescription and dosage,"Medicines in this class are prescription-only unless the pack states otherwise. Always order the exact strength and dosage form written on your prescription, and continue any monitoring your doctor has advised.","Check the ingredients before combining products, and take particular care with children's doses.
**Do not self-medicate.** Use medicines only as advised by a qualified doctor.
**Check the strength and dosage form** on your prescription before ordering.
**Tell your doctor about allergies** and about every other medicine or supplement you take.
**Do not stop a prescribed medicine** without medical advice, even if you feel better.",,,,2026-07-24,2026-07-24,,FALSE,draft
dermatology-medicines,Dermatology Medicines - Buy Online at Best Price | PharmEasy,"Browse 45 dermatology medicines on PharmEasy. Medicines used for skin, hair and nail concerns. Compare packs, compositions and prices. 100% genuine medicines.","Medicines used in the management of skin, hair and nail conditions, including preparations applied to the skin and those taken by mouth.",About Dermatology Medicines,"This class covers medicines used for skin, hair and nail conditions – acne, fungal infections, pigmentation, hair loss and inflammatory skin conditions. Many are applied topically; some are taken by mouth.

Skin treatments usually take weeks before an effect is visible, and topical steroids in particular are meant for defined courses rather than open-ended use, especially on the face.",Sub-classes you will find here,"Within this class you will find Melasma, Psoriasis, Topical Antibiotic and Steroid, Topical Antimicrobial and Steroid, Anti-Acne, Hair Care, Skin Care, Alopecia, Anti-Dandruff and Atopic Dermatitis. Two medicines from different sub-classes are not alternatives to each other.",Prescription and dosage,"Medicines in this class are prescription-only unless the pack states otherwise. Always order the exact strength and dosage form written on your prescription, and continue any monitoring your doctor has advised.","Use topical steroids only for the period your doctor specified, and avoid the face unless it was specifically prescribed for that.
**Do not self-medicate.** Use medicines only as advised by a qualified doctor.
**Check the strength and dosage form** on your prescription before ordering.
**Tell your doctor about allergies** and about every other medicine or supplement you take.
**Do not stop a prescribed medicine** without medical advice, even if you feel better.",,,,2026-07-24,2026-07-24,,FALSE,draft
diuretics,Diuretics - Buy Online at Best Price | PharmEasy,"Browse 11 diuretics on PharmEasy. Medicines that help the body remove excess fluid. Compare packs, compositions and prices. 100% genuine medicines.",Medicines used in the management of fluid retention and blood pressure by helping the body remove excess salt and water.,About Diuretics,"Diuretics help the body clear excess fluid and salt. They are used in blood pressure management, heart failure and other conditions where fluid builds up.

Because diuretics change the body's salt and water balance, they usually come with periodic blood tests. Those tests are how problems get caught before they cause symptoms.",,,Prescription and dosage,"Medicines in this class are prescription-only unless the pack states otherwise. Always order the exact strength and dosage form written on your prescription, and continue any monitoring your doctor has advised.","Keep the blood tests your doctor has scheduled, and report severe dizziness, cramps or unusual weakness.
**Do not self-medicate.** Use medicines only as advised by a qualified doctor.
**Check the strength and dosage form** on your prescription before ordering.
**Tell your doctor about allergies** and about every other medicine or supplement you take.
**Do not stop a prescribed medicine** without medical advice, even if you feel better.",,,,2026-07-24,2026-07-24,,FALSE,draft
gastrointestinal-medicines,Gastrointestinal Medicines - Buy Online at Best Price | PharmEasy,"Browse 103 gastrointestinal medicines on PharmEasy. Medicines used for digestive and gut concerns. Compare packs, compositions and prices. 100% genuine medici","Medicines used in the management of digestive concerns – acidity and reflux, nausea, cramps, altered bowel habit and related conditions.",About Gastrointestinal Medicines,"This class groups medicines used for the stomach and intestines. It includes antacids and acid-reducing medicines, anti-emetics for nausea, antispasmodics for cramps, and preparations used for altered bowel habit.

Ongoing digestive symptoms are worth investigating rather than managing indefinitely with over-the-counter relief. Persistent acidity, unexplained weight loss or blood in the stool should always be reviewed by a doctor.",Sub-classes you will find here,"Within this class you will find Anti-Spasmodics, Anti-Emetic, Prebiotic and Probiotic, Laxative, Antacid, Antacid and Anti-Emetic, Anti-Diarrhoeal, Digestants, Antacid and Anti-Flatulent, Antacid and Anti-Reflux, Appetite Stimulant, Anal Fissure, Anti-Flatulent and Digestants and Ulcerative Colitis. Two medicines from different sub-classes are not alternatives to each other.",Prescription and dosage,"Medicines in this class are prescription-only unless the pack states otherwise. Always order the exact strength and dosage form written on your prescription, and continue any monitoring your doctor has advised.","Long-term use of acid-reducing medicines should be reviewed periodically by a doctor rather than continued indefinitely.
**Do not self-medicate.** Use medicines only as advised by a qualified doctor.
**Check the strength and dosage form** on your prescription before ordering.
**Tell your doctor about allergies** and about every other medicine or supplement you take.
**Do not stop a prescribed medicine** without medical advice, even if you feel better.",,,,2026-07-24,2026-07-24,,FALSE,draft
gout-medicines,Gout Medicines - Buy Online at Best Price | PharmEasy,"Browse 14 gout medicines on PharmEasy. Medicines used in the management of gout. Compare packs, compositions and prices. 100% genuine medicines.",Medicines used in the management of gout – both for acute attacks and for lowering uric acid over the longer term.,About Gout Medicines,"Gout medicines fall into two distinct roles: those used during an acute attack, and those taken continuously to lower uric acid levels. They are not interchangeable.

Uric-acid-lowering medicines can trigger an attack when first started, which is expected rather than a sign the medicine is wrong. Stopping at that point is a common mistake.",Sub-classes you will find here,Within this class you will find Xanthine oxidase inhibitors and Anti-inflammatory agents. Two medicines from different sub-classes are not alternatives to each other.,Prescription and dosage,"Medicines in this class are prescription-only unless the pack states otherwise. Always order the exact strength and dosage form written on your prescription, and continue any monitoring your doctor has advised.","Do not stop a uric-acid-lowering medicine during an attack unless your doctor tells you to.
**Do not self-medicate.** Use medicines only as advised by a qualified doctor.
**Check the strength and dosage form** on your prescription before ordering.
**Tell your doctor about allergies** and about every other medicine or supplement you take.
**Do not stop a prescribed medicine** without medical advice, even if you feel better.",,,,2026-07-24,2026-07-24,,FALSE,draft
iron-and-anaemia-medicines,Iron and Anaemia Medicines - Buy Online at Best Price | PharmEasy,"Browse 11 iron and anaemia medicines on PharmEasy. Iron and other medicines used for anaemia. Compare packs, compositions and prices. 100% genuine medicines.","Iron preparations and related medicines used in the management of anaemia, taken under medical advice.",About Iron and Anaemia Medicines,"These medicines are used in the management of anaemia, most often iron deficiency. Correcting the level takes months, and finding the cause of the deficiency matters as much as correcting it.

Anaemia is a finding rather than a diagnosis. Correcting the level without establishing why it dropped can leave the underlying cause unaddressed.",Sub-classes you will find here,Within this class you will find Haematinics and Sickle Cell Anaemia. Two medicines from different sub-classes are not alternatives to each other.,Prescription and dosage,"Medicines in this class are prescription-only unless the pack states otherwise. Always order the exact strength and dosage form written on your prescription, and continue any monitoring your doctor has advised.","Keep iron preparations away from children – iron overdose in children is a medical emergency.
**Do not self-medicate.** Use medicines only as advised by a qualified doctor.
**Check the strength and dosage form** on your prescription before ordering.
**Tell your doctor about allergies** and about every other medicine or supplement you take.
**Do not stop a prescribed medicine** without medical advice, even if you feel better.",,,,2026-07-24,2026-07-24,,FALSE,draft
liver-care-medicines,Liver Care Medicines - Buy Online at Best Price | PharmEasy,"Browse 9 liver care medicines on PharmEasy. Medicines used for liver and gallbladder conditions. Compare packs, compositions and prices. 100% genuine medicine","Medicines used in the management of liver and gallbladder conditions, taken under medical supervision.",About Liver Care Medicines,"This class covers medicines used in the management of liver and gallbladder conditions. Because the liver processes most medicines, what else you take matters more than usual here.

The liver processes the majority of medicines, so anything you add – including supplements and over-the-counter products – should be checked with your doctor.",Sub-classes you will find here,Within this class you will find Cholelithiasis and Hepatoprotective. Two medicines from different sub-classes are not alternatives to each other.,Prescription and dosage,"Medicines in this class are prescription-only unless the pack states otherwise. Always order the exact strength and dosage form written on your prescription, and continue any monitoring your doctor has advised.","Tell your doctor about every medicine, supplement and herbal product you take, and follow any advice about alcohol.
**Do not self-medicate.** Use medicines only as advised by a qualified doctor.
**Check the strength and dosage form** on your prescription before ordering.
**Tell your doctor about allergies** and about every other medicine or supplement you take.
**Do not stop a prescribed medicine** without medical advice, even if you feel better.",,,,2026-07-24,2026-07-24,,FALSE,draft
mens-health-medicines,Men's Health Medicines - Buy Online at Best Price | PharmEasy,"Browse 22 men's health medicines on PharmEasy. Medicines used in men's health and sexual wellness. Compare packs, compositions and prices. 100% genuine medici","Medicines used in the management of men's health concerns, including sexual wellness. Most are prescription-only.",About Men's Health Medicines,"This class covers medicines used in men's health, including sexual wellness. Several interact seriously with heart medicines, which is why a prescription and an honest medication history matter here.

Medicines in this class can interact dangerously with nitrate heart medicines. Tell your doctor everything you take, including anything bought without a prescription.",Sub-classes you will find here,Within this class you will find Sexual Wellness and Erectile Dysfunction. Two medicines from different sub-classes are not alternatives to each other.,Prescription and dosage,"Medicines in this class are prescription-only unless the pack states otherwise. Always order the exact strength and dosage form written on your prescription, and continue any monitoring your doctor has advised.","Do not combine these with nitrate heart medicines. Tell your doctor about every medicine you take, including any bought online.
**Do not self-medicate.** Use medicines only as advised by a qualified doctor.
**Check the strength and dosage form** on your prescription before ordering.
**Tell your doctor about allergies** and about every other medicine or supplement you take.
**Do not stop a prescribed medicine** without medical advice, even if you feel better.",,,,2026-07-24,2026-07-24,,FALSE,draft
mental-health-medicines,Mental Health Medicines - Buy Online at Best Price | PharmEasy,"Browse 125 mental health medicines on PharmEasy. Medicines used in the management of mental health conditions. Compare packs, compositions and prices. 100% ge","Medicines used in the management of mental health conditions, prescribed and reviewed by a doctor. Many are Schedule H or H1 and are dispensed under strict conditions.",About Mental Health Medicines,"This class covers medicines used in the management of depression, anxiety, bipolar disorder, psychosis and related conditions. Groups within it act on different chemical pathways, and the right choice depends on the diagnosis, the person's history and how they respond over time.

Many medicines in this class need several weeks before their full effect is assessed, and several must be tapered rather than stopped abruptly. Both are reasons to stay in contact with the prescriber rather than adjusting the dose yourself.",Sub-classes you will find here,"Within this class you will find Combinations, Tricyclic antidepressants, Benzodiazepines, Anti-Anxiety, SSRIs, Atypical antipsychotics, Other antidepressants, SNRIs, Anti-Psychotics, Anti-Depressant, Mood stabilisers and Deaddiction. Two medicines from different sub-classes are not alternatives to each other.",Prescription and dosage,"Medicines in this class are prescription-only unless the pack states otherwise. Always order the exact strength and dosage form written on your prescription, and continue any monitoring your doctor has advised.","Do not stop suddenly – several of these medicines need to be reduced gradually under medical supervision. Tell your doctor promptly about any change in mood or thinking.
**Do not self-medicate.** Use medicines only as advised by a qualified doctor.
**Check the strength and dosage form** on your prescription before ordering.
**Tell your doctor about allergies** and about every other medicine or supplement you take.
**Do not stop a prescribed medicine** without medical advice, even if you feel better.",,,,2026-07-24,2026-07-24,,FALSE,draft
migraine-medicines,Migraine Medicines - Buy Online at Best Price | PharmEasy,"Browse 9 migraine medicines on PharmEasy. Medicines used in the management of migraine. Compare packs, compositions and prices. 100% genuine medicines.",Medicines used in the management of migraine – both for treating an attack and for reducing how often attacks occur.,About Migraine Medicines,"Migraine medicines fall into two roles: those taken during an attack, and those taken regularly to reduce how often attacks happen. Attack medicines generally work best taken early.

Taking attack medicines too often can itself cause more frequent headaches. If you are reaching for them most weeks, that is worth raising with your doctor.",,,Prescription and dosage,"Medicines in this class are prescription-only unless the pack states otherwise. Always order the exact strength and dosage form written on your prescription, and continue any monitoring your doctor has advised.","Frequent use of attack medicines can lead to medication-overuse headache. Tell your doctor how often you use them.
**Do not self-medicate.** Use medicines only as advised by a qualified doctor.
**Check the strength and dosage form** on your prescription before ordering.
**Tell your doctor about allergies** and about every other medicine or supplement you take.
**Do not stop a prescribed medicine** without medical advice, even if you feel better.",,,,2026-07-24,2026-07-24,,FALSE,draft
muscle-relaxants,Muscle Relaxants - Buy Online at Best Price | PharmEasy,"Browse 11 muscle relaxants on PharmEasy. Medicines used for muscle spasm and stiffness. Compare packs, compositions and prices. 100% genuine medicines.","Medicines used in the management of muscle spasm and associated pain, generally for short periods.",About Muscle Relaxants,"Muscle relaxants are used in the management of muscle spasm, often alongside pain relief and physiotherapy. Most are intended for short courses.

These are usually prescribed as a short course alongside movement and physiotherapy – the medicine is meant to make the rest possible, not to substitute for it.",,,Prescription and dosage,"Medicines in this class are prescription-only unless the pack states otherwise. Always order the exact strength and dosage form written on your prescription, and continue any monitoring your doctor has advised.","Drowsiness is common. Do not drive or operate machinery until you know how these affect you.
**Do not self-medicate.** Use medicines only as advised by a qualified doctor.
**Check the strength and dosage form** on your prescription before ordering.
**Tell your doctor about allergies** and about every other medicine or supplement you take.
**Do not stop a prescribed medicine** without medical advice, even if you feel better.",,,,2026-07-24,2026-07-24,,FALSE,draft
nerve-pain-medicines,Nerve Pain Medicines - Buy Online at Best Price | PharmEasy,"Browse 38 nerve pain medicines on PharmEasy. Medicines used in the management of nerve pain. Compare packs, compositions and prices. 100% genuine medicines.","Medicines used in the management of nerve-related pain, including diabetic neuropathy and similar conditions.",About Nerve Pain Medicines,"Nerve pain is managed differently from ordinary pain, and the medicines used are often ones developed for other conditions. Doses are usually built up slowly, and benefit is assessed over weeks.

Ordinary painkillers often do little for nerve pain, which is why the medicines used here look unfamiliar. Judging them over days rather than weeks is the most common reason people stop too early.",,,Prescription and dosage,"Medicines in this class are prescription-only unless the pack states otherwise. Always order the exact strength and dosage form written on your prescription, and continue any monitoring your doctor has advised.","Doses are increased gradually and should not be stopped abruptly. Drowsiness and dizziness are common when starting.
**Do not self-medicate.** Use medicines only as advised by a qualified doctor.
**Check the strength and dosage form** on your prescription before ordering.
**Tell your doctor about allergies** and about every other medicine or supplement you take.
**Do not stop a prescribed medicine** without medical advice, even if you feel better.",,,,2026-07-24,2026-07-24,,FALSE,draft
neurological-medicines,Neurological Medicines - Buy Online at Best Price | PharmEasy,"Browse 66 neurological medicines on PharmEasy. Medicines used for neurological conditions. Compare packs, compositions and prices. 100% genuine medicines.","Medicines used in the management of neurological conditions such as epilepsy, Parkinson's disease and related disorders.",About Neurological Medicines,"This class covers medicines used for conditions affecting the brain and nervous system. Dosing is often built up gradually, and the schedule is chosen for the individual rather than for the condition alone.

Consistency matters more in this class than in most. Missed or late doses can affect seizure control, and switching between brands of the same molecule should be discussed with the prescriber first.",Sub-classes you will find here,"Within this class you will find Anti-Vertigo, Anti-Epileptic, Anti-Parkinsonian, Multiple Sclerosis, Alzheimer Disease, Cerebro Protective and Myasthenia Gravis. Two medicines from different sub-classes are not alternatives to each other.",Prescription and dosage,"Medicines in this class are prescription-only unless the pack states otherwise. Always order the exact strength and dosage form written on your prescription, and continue any monitoring your doctor has advised.","Do not miss doses or stop suddenly – this can be dangerous in epilepsy. Discuss any brand change with your doctor before switching.
**Do not self-medicate.** Use medicines only as advised by a qualified doctor.
**Check the strength and dosage form** on your prescription before ordering.
**Tell your doctor about allergies** and about every other medicine or supplement you take.
**Do not stop a prescribed medicine** without medical advice, even if you feel better.",,,,2026-07-24,2026-07-24,,FALSE,draft
pain-relief-medicines,Pain Relief Medicines - Buy Online at Best Price | PharmEasy,"Browse 60 pain relief medicines on PharmEasy. Medicines used for pain and inflammation. Compare packs, compositions and prices. 100% genuine medicines.","Medicines used in the management of pain, fever and inflammation, from everyday preparations to those needing a prescription.",About Pain Relief Medicines,"Pain relief medicines are used in the management of pain, fever and inflammation. Groups differ in how they act and in what they are suitable for, and several are also present in combination cold and flu products.

The same active ingredient appears in many differently branded products, including combination cold remedies. Taking two of them together can exceed the safe daily amount without it being obvious.",Sub-classes you will find here,"Within this class you will find Analgesic/antipyretic, Anti-Inflammatory, Analgesic and Topical Analgesic. Two medicines from different sub-classes are not alternatives to each other.",Prescription and dosage,"Medicines in this class are prescription-only unless the pack states otherwise. Always order the exact strength and dosage form written on your prescription, and continue any monitoring your doctor has advised.","Check whether the same active ingredient appears in another product you are taking. Take anti-inflammatory medicines with food unless told otherwise.
**Do not self-medicate.** Use medicines only as advised by a qualified doctor.
**Check the strength and dosage form** on your prescription before ordering.
**Tell your doctor about allergies** and about every other medicine or supplement you take.
**Do not stop a prescribed medicine** without medical advice, even if you feel better.",,,,2026-07-24,2026-07-24,,FALSE,draft
prostate-care-medicines,Prostate Care Medicines - Buy Online at Best Price | PharmEasy,"Browse 12 prostate care medicines on PharmEasy. Medicines used for prostate-related concerns. Compare packs, compositions and prices. 100% genuine medicines.",Medicines used in the management of an enlarged prostate and related urinary symptoms.,About Prostate Care Medicines,"These medicines are used in the management of benign prostatic hyperplasia. Some relax muscle to ease urinary flow and act within weeks; others shrink the prostate over months.

The two groups work on very different timescales – weeks versus months. Knowing which one you are on avoids judging it too early.",,,Prescription and dosage,"Medicines in this class are prescription-only unless the pack states otherwise. Always order the exact strength and dosage form written on your prescription, and continue any monitoring your doctor has advised.","Dizziness on standing is common when starting some of these. Keep the reviews your doctor has scheduled.
**Do not self-medicate.** Use medicines only as advised by a qualified doctor.
**Check the strength and dosage form** on your prescription before ordering.
**Tell your doctor about allergies** and about every other medicine or supplement you take.
**Do not stop a prescribed medicine** without medical advice, even if you feel better.",,,,2026-07-24,2026-07-24,,FALSE,draft
respiratory-medicines,Respiratory Medicines - Buy Online at Best Price | PharmEasy,"Browse 27 respiratory medicines on PharmEasy. Medicines used for breathing-related concerns. Compare packs, compositions and prices. 100% genuine medicines.","Medicines used in the management of asthma, COPD and related breathing conditions, including inhalers and tablets.",About Respiratory Medicines,"Respiratory medicines are used in the management of conditions affecting the airways. Some are relievers used when symptoms occur; others are preventers taken regularly whether or not symptoms are present.

The difference between a reliever and a preventer is the single most important thing to get right in this class. Needing your reliever more often is a signal to see your doctor, not to keep using it more.",Sub-classes you will find here,"Within this class you will find Xanthines, Inhaled corticosteroids, Combinations, Beta-2 agonists, Leukotriene antagonists and Anti-Asthmatic. Two medicines from different sub-classes are not alternatives to each other.",Prescription and dosage,"Medicines in this class are prescription-only unless the pack states otherwise. Always order the exact strength and dosage form written on your prescription, and continue any monitoring your doctor has advised.","Do not stop a preventer inhaler because you feel well. If you need your reliever more often than usual, see your doctor.
**Do not self-medicate.** Use medicines only as advised by a qualified doctor.
**Check the strength and dosage form** on your prescription before ordering.
**Tell your doctor about allergies** and about every other medicine or supplement you take.
**Do not stop a prescribed medicine** without medical advice, even if you feel better.",,,,2026-07-24,2026-07-24,,FALSE,draft
steroids,Steroids - Buy Online at Best Price | PharmEasy,"Browse 18 steroids on PharmEasy. Corticosteroid medicines used for inflammatory conditions. Compare packs, compositions and prices. 100% genuine medicines.","Corticosteroid medicines used in the management of inflammatory and immune conditions, usually for a defined course.",About Steroids,"Corticosteroids are used in the management of inflammation across many conditions. Courses are usually defined, and longer courses are reduced gradually rather than stopped, because the body adjusts to them.

After more than a short course, the body needs the dose reduced step by step. Stopping abruptly can cause a serious reaction, which is why the tapering schedule is not optional.",,,Prescription and dosage,"Medicines in this class are prescription-only unless the pack states otherwise. Always order the exact strength and dosage form written on your prescription, and continue any monitoring your doctor has advised.","Never stop a longer course abruptly – the dose usually needs to be reduced gradually. Carry a steroid card if you have been given one.
**Do not self-medicate.** Use medicines only as advised by a qualified doctor.
**Check the strength and dosage form** on your prescription before ordering.
**Tell your doctor about allergies** and about every other medicine or supplement you take.
**Do not stop a prescribed medicine** without medical advice, even if you feel better.",,,,2026-07-24,2026-07-24,,FALSE,draft
vaccines,Vaccines - Buy Online at Best Price | PharmEasy,"Browse 18 vaccines on PharmEasy. Vaccines used for preventive protection. Compare packs, compositions and prices. 100% genuine medicines.",Vaccines used for preventive protection. Most require cold-chain storage and administration by a healthcare professional.,About Vaccines,"Vaccines are used to build protection against specific infections. Nearly all require unbroken cold-chain storage and must be administered by a trained healthcare professional.

A vaccine that has not been kept within its temperature range may not work, and there is no way to tell by looking at it. This is why cold-chain handling is treated as strictly as the dose itself.",,,Prescription and dosage,"Medicines in this class are prescription-only unless the pack states otherwise. Always order the exact strength and dosage form written on your prescription, and continue any monitoring your doctor has advised.","Vaccines must stay within their specified temperature range and be administered by a healthcare professional.
**Do not self-medicate.** Use medicines only as advised by a qualified doctor.
**Check the strength and dosage form** on your prescription before ordering.
**Tell your doctor about allergies** and about every other medicine or supplement you take.
**Do not stop a prescribed medicine** without medical advice, even if you feel better.",,,,2026-07-24,2026-07-24,,FALSE,draft
vitamins-and-supplements,Vitamins and Supplements - Buy Online at Best Price | PharmEasy,"Browse 62 vitamins and supplements on PharmEasy. Everyday nutritional and supplement products. Compare packs, compositions and prices. 100% genuine medicines.","Vitamin, mineral and nutritional supplement products. Supplements support a diet – they do not replace one, and more is not better.",About Vitamins and Supplements,"This class covers vitamin, mineral and other nutritional supplements, including single vitamins, multivitamin preparations and calcium with vitamin D. Some are prescribed for a diagnosed deficiency; others are bought for general use.

Several vitamins accumulate in the body rather than being flushed out, so taking more than advised can cause harm. Doubling up across a multivitamin and a single supplement is an easy way to do this by accident.",Sub-classes you will find here,"Within this class you will find Multivitamin, Calcium and Vitamin D Supplementation, Nutritional Supplement, Electrolytes and Antioxidant. Two medicines from different sub-classes are not alternatives to each other.",Prescription and dosage,"Medicines in this class are prescription-only unless the pack states otherwise. Always order the exact strength and dosage form written on your prescription, and continue any monitoring your doctor has advised.","Check whether you are already getting the same nutrient from another product, and stay within the amount advised.
**Do not self-medicate.** Use medicines only as advised by a qualified doctor.
**Check the strength and dosage form** on your prescription before ordering.
**Tell your doctor about allergies** and about every other medicine or supplement you take.
**Do not stop a prescribed medicine** without medical advice, even if you feel better.",,,,2026-07-24,2026-07-24,,FALSE,draft
weight-management-medicines,Weight Management Medicines - Buy Online at Best Price | PharmEasy,"Browse 23 weight management medicines on PharmEasy. Medicines used in the management of weight. Compare packs, compositions and prices. 100% genuine medicines","Medicines used in the management of weight, prescribed alongside changes to diet and activity rather than instead of them.",About Weight Management Medicines,"Weight management medicines are prescribed as part of a wider plan that includes diet, activity and follow-up. They are not appropriate for cosmetic weight loss and are prescribed against defined clinical criteria.

These medicines are prescribed against clinical criteria, not on request, and they are intended to sit alongside diet and activity changes rather than replace them.",Sub-classes you will find here,Within this class you will find Lipase inhibitors and GLP-1 receptor agonists. Two medicines from different sub-classes are not alternatives to each other.,Prescription and dosage,"Medicines in this class are prescription-only unless the pack states otherwise. Always order the exact strength and dosage form written on your prescription, and continue any monitoring your doctor has advised.","These are prescription medicines with defined criteria for use. Discuss suitability, side effects and monitoring with your doctor.
**Do not self-medicate.** Use medicines only as advised by a qualified doctor.
**Check the strength and dosage form** on your prescription before ordering.
**Tell your doctor about allergies** and about every other medicine or supplement you take.
**Do not stop a prescribed medicine** without medical advice, even if you feel better.",,,,2026-07-24,2026-07-24,,FALSE,draft
womens-health-medicines,Women's Health Medicines - Buy Online at Best Price | PharmEasy,"Browse 26 women's health medicines on PharmEasy. Medicines used in women's health and hormonal care. Compare packs, compositions and prices. 100% genuine medi","Medicines used in the management of women's health conditions, including hormonal, menstrual and fertility-related care.",About Women's Health Medicines,"This class covers medicines used in hormonal and reproductive health – menstrual conditions, fertility care, hormone replacement and related areas. Timing within a cycle is often part of how they are prescribed.

For several medicines in this class the day of the cycle on which you take them is as important as the dose. A missed or mistimed dose is worth raising with the prescriber rather than guessing.",Sub-classes you will find here,"Within this class you will find Menstrual and Gynaecological Disorders, Female Hormone Pills, Polycystic Ovarian Disease, Female Infertility, Hormone Replacement Therapy, Premature Labour Prevention, Infertility and Hyperprolactinemia. Two medicines from different sub-classes are not alternatives to each other.",Prescription and dosage,"Medicines in this class are prescription-only unless the pack states otherwise. Always order the exact strength and dosage form written on your prescription, and continue any monitoring your doctor has advised.","Tell your doctor if you are pregnant, planning a pregnancy or breastfeeding, and follow cycle timing exactly.
**Do not self-medicate.** Use medicines only as advised by a qualified doctor.
**Check the strength and dosage form** on your prescription before ordering.
**Tell your doctor about allergies** and about every other medicine or supplement you take.
**Do not stop a prescribed medicine** without medical advice, even if you feel better.",,,,2026-07-24,2026-07-24,,FALSE,draft
sarthak-test-2,Sarthak Test Class | PharmEasy,Temporary test page used to confirm the Google Sheet is driving the static build.,"This page exists only to confirm that the Google Sheet is the source of truth. If you can read this, the sheet drove the build.",About this test,"Added as a row in the classes tab, with ten medicines attached in the medicines tab. Delete the row and the page disappears on the next run.",,,Prescription and dosage,Not a real medicine class. Do not publish.,**Do not self-medicate.** Use medicines only as advised by a qualified doctor.,,,,2026-07-27,2026-07-27,,TRUE,draft
